"cnes";"tipo_hospital"
"5336171";"1"
"2009242";"1"
"2720043";"1"
"5616298";"1"
"2020068";"2"
"2020653";"1"
"2906635";"2"
"9550291";"1"
"7564546";"1"
"2487438";"1"
"2301687";"1"
"3972925";"1"
"2388057";"1"
"2597594";"1"
"2388928";"1"
"2602075";"1"
"2388685";"1"
"2801574";"1"
"2401231";"1"
"2799758";"1"
"6602533";"2"
"2412381";"1"
"2804034";"1"
"9441743";"1"
"2602121";"1"
"9388133";"1"
"4026896";"1"
"3245500";"1"
"2602083";"1"
"2470748";"1"
"2400693";"1"
"4028155";"1"
"0607126";"1"
"2802023";"1"
"3289826";"1"
"4028511";"1"
"6919162";"1"
"2802090";"1"
"2799790";"1"
"0003778";"1"
"0003859";"1"
"0003921";"2"
"0003980";"1"
"0004065";"2"
"0004073";"1"
"0004294";"1"
"0004987";"1"
"0005428";"2"
"0106526";"1"
"0108375";"1"
"2493845";"2"
"2802104";"1"
"6595197";"1"
"9443665";"1"
"2603012";"1"
"6414702";"1"
"2520168";"1"
"9383298";"1"
"2770512";"1"
"2532387";"1"
"2402076";"1"
"2402564";"2"
"2372967";"1"
"2562316";"1"
"2328070";"1"
"2481073";"1"
"2561352";"1"
"2611295";"1"
"0086673";"1"
"2482339";"1"
"2529475";"2"
"2785900";"1"
"2562227";"1"
"2333740";"1"
"5018110";"1"
"2327961";"1"
"2562499";"1"
"6779522";"1"
"9672427";"1"
"2478994";"1"
"2560828";"1"
"2333880";"1"
"2695839";"1"
"2499037";"1"
"2527065";"1"
"2562138";"1"
"2564769";"1"
"2328380";"1"
"7061021";"1"
"2479419";"1"
"2665190";"1"
"2611481";"1"
"6848710";"1"
"2562146";"1"
"2479893";"1"
"0010456";"1"
"5717515";"1"
"6876617";"2"
"2485397";"1"
"6823351";"1"
"2446782";"1"
"9922970";"1"
"2485966";"2"
"2486199";"1"
"7257406";"1"
"2678179";"1"
"6559131";"1"
"7621442";"1"
"2442728";"1"
"0616036";"1"
"3771962";"1"
"5419662";"1"
"7772173";"2"
"9680977";"1"
"2534967";"1"
"0024074";"2"
"0965324";"2"
"2338262";"1"
"2338564";"2"
"2338734";"1"
"2339080";"2"
"2339196";"1"
"2506661";"1"
"2506858";"2"
"2653818";"2"
"2673932";"2"
"7743068";"1"
"9138625";"1"
"2589265";"1"
"2361949";"1"
"2535556";"1"
"2340194";"1"
"2437783";"1"
"2442477";"1"
"6665322";"1"
"2382474";"1"
"2382431";"1"
"5095808";"1"
"0547484";"1"
"2463016";"1"
"2964465";"1"
"0664219";"1"
"2460262";"1"
"9336508";"1"
"7013620";"1"
"2453665";"2"
"2453851";"2"
"2975386";"2"
"3388301";"1"
"2726645";"1"
"9627812";"2"
"6957501";"1"
"2452383";"2"
"2530236";"1"
"7321252";"1"
"6871747";"1"
"6209688";"2"
"6847579";"1"
"2452952";"1"
"7826060";"1"
"6483089";"1"
"2991101";"1"
"9077413";"1"
"2458705";"1"
"0180637";"1"
"2309254";"2"
"2309475";"1"
"2457768";"2"
"2458292";"1"
"2464594";"1"
"2646536";"2"
"2697661";"1"
"2697688";"2"
"2702886";"2"
"3344614";"1"
"9364439";"2"
"3836061";"1"
"2454475";"1"
"2471345";"1"
"2964759";"1"
"2471795";"1"
"2534460";"1"
"2392410";"1"
"9209352";"1"
"2392046";"1"
"4069803";"1"
"2390949";"1"
"3142663";"1"
"2604434";"1"
"2655780";"1"
"2604426";"1"
"6085423";"1"
"2795655";"1"
"2398400";"1"
"6853781";"1"
"7868863";"1"
"2651610";"1"
"2945622";"1"
"0249483";"1"
"7866801";"1"
"5350697";"1"
"7201109";"1"
"2200473";"1"
"6892256";"1"
"2218690";"1"
"2201542";"1"
"2172836";"1"
"2140217";"1"
"9141839";"1"
"0270865";"1"
"0473502";"1"
"2151855";"1"
"6601804";"1"
"0073482";"1"
"0254460";"1"
"5597501";"1"
"3987884";"2"
"9461493";"2"
"7486413";"1"
"7871902";"2"
"7967012";"1"
"9917322";"1"
"6710158";"1"
"9685871";"1"
"0220027";"1"
"2616483";"1"
"9633758";"1"
"0179817";"1"
"5599504";"2"
"4190203";"1"
"7563701";"1"
"5498465";"1"
"5585422";"2"
"6779069";"1"
"2621614";"1"
"2537028";"1"
"2593262";"1"
"7666772";"1"
"2605414";"2"
"2605473";"1"
"9467718";"1"
"2757664";"1"
"5621674";"1"
"5995280";"1"
"6426204";"1"
"2683210";"1"
"0015369";"1"
"0015415";"1"
"2810034";"1"
"5061989";"1"
"6424341";"1"
"0213845";"1"
"6732100";"1"
"0163864";"1"
"0017663";"1"
"2577763";"1"
"2578670";"1"
"2687119";"1"
"2687127";"1"
"0018260";"2"
"0018333";"1"
"4055470";"1"
"7070179";"1"
"0854646";"1"
"3316300";"1"
"7442157";"1"
"2428385";"1"
"2551764";"1"
"2639025";"1"
"6559379";"1"
"2428989";"1"
"7498810";"1"
"2715295";"1"
"7296762";"1"
"2639092";"1"
"2711958";"1"
"2344858";"1"
"2712040";"1"
"2428393";"1"
"6431569";"1"
"2430711";"1"
"0134252";"1"
"0265500";"1"
"6908268";"1"
"7958838";"1"
"0226491";"1"
"2706709";"1"
"2712008";"1"
"2777754";"1"
"2364972";"1"
"8015899";"1"
"2323397";"2"
"2679671";"1"
"2267454";"1"
"2696932";"1"
"2267802";"1"
"2280396";"1"
"9491619";"1"
"2290227";"1"
"2268922";"1"
"3784916";"1"
"2266733";"1"
"9895124";"1"
"7011857";"2"
"5478898";"2"
"0012521";"1"
"0012599";"2"
"0105317";"1"
"6586767";"2"
"2704587";"1"
"2275562";"1"
"0182974";"2"
"2267209";"1"
"2269341";"2"
"2269481";"1"
"2269678";"2"
"2269996";"2"
"2270234";"1"
"2270242";"2"
"2270269";"1"
"2270617";"1"
"2270803";"2"
"2273209";"2"
"2273349";"2"
"2273411";"1"
"2280183";"1"
"2288362";"2"
"2291266";"1"
"2291304";"2"
"2295067";"2"
"2295407";"1"
"2298724";"1"
"5717256";"1"
"6995462";"1"
"7041624";"2"
"7065515";"1"
"7166494";"1"
"7185081";"2"
"7267975";"2"
"7516800";"1"
"0113891";"2"
"2298031";"1"
"6518893";"2"
"7529384";"1"
"0025143";"1"
"9074457";"1"
"2474328";"1"
"2232081";"1"
"2265958";"1"
"2232103";"1"
"5602742";"1"
"2232073";"1"
"3508528";"1"
"3626245";"2"
"9528792";"1"
"6844138";"1"
"2707918";"1"
"2707632";"1"
"0181927";"1"
"2244152";"1"
"2262029";"1"
"7092571";"1"
"7513151";"1"
"2792974";"1"
"9575936";"1"
"6389104";"1"
"2233355";"1"
"2232022";"1"
"2244314";"1"
"2232162";"1"
"2227932";"1"
"9563873";"1"
"2793008";"1"
"2808617";"1"
"2798484";"1"
"2691515";"1"
"2550938";"1"
"7486596";"1"
"2566893";"1"
"7286082";"2"
"2594277";"1"
"2658372";"1"
"0019305";"1"
"0019445";"2"
"6048692";"1"
"7847777";"1"
"2380242";"1"
"2674327";"1"
"7105088";"1"
"2418967";"1"
"6683134";"1"
"7278977";"1"
"2058790";"1"
"6164366";"1"
"9232141";"2"
"2082098";"1"
"6451098";"1"
"2831503";"2"
"6095666";"1"
"2058332";"1"
"2790556";"1"
"2790580";"2"
"2790602";"1"
"3880966";"1"
"2082381";"1"
"3058808";"1"
"2082497";"1"
"2083272";"1"
"2080915";"1"
"2085976";"1"
"2096196";"1"
"5662281";"1"
"0404853";"2"
"2081490";"1"
"6053858";"1"
"2087219";"1"
"7947984";"1"
"0092894";"1"
"2792168";"1"
"2792141";"1"
"2080028";"1"
"2084163";"1"
"2801051";"2"
"5851084";"1"
"2077078";"1"
"2079011";"1"
"3028399";"1"
"2092107";"1"
"6878687";"1"
"7544529";"1"
"2080338";"1"
"2080427";"2"
"2082861";"1"
"5200105";"1"
"2087715";"1"
"2079615";"1"
"2087804";"1"
"2086271";"2"
"2792176";"1"
"5435072";"2"
"7228163";"2"
"2078104";"1"
"2078562";"1"
"2080184";"1"
"2092298";"1"
"2078538";"1"
"2023474";"1"
"6992560";"2"
"7573162";"1"
"0115509";"1"
"2082349";"1"
"2080680";"1"
"7473702";"1"
"2058308";"1"
"0008028";"1"
"7188676";"1"
"2716291";"1"
"2077434";"1"
"9425802";"1"
"2082322";"1"
"2716097";"1"
"2755130";"1"
"9556095";"1"
"2705249";"1"
"2079119";"2"
"5887623";"1"
"7420595";"1"
"2750546";"1"
"3774554";"1"
"6212581";"2"
"2072513";"1"
"0008923";"1"
"2080273";"1"
"6020917";"2"
"2079720";"1"
"6998704";"1"
"2025361";"1"
"2027356";"1"
"2069776";"1"
"7373465";"1"
"2082594";"1"
"5935857";"1"
"3529282";"1"
"6236596";"1"
"0009628";"1"
"0026417";"1"
"9491252";"1"
"2027240";"1"
"2066092";"1"
"2076896";"1"
"2077426";"1"
"2077477";"1"
"2077485";"1"
"2077574";"1"
"2077620";"1"
"2077671";"1"
"2078287";"2"
"2078325";"2"
"2078570";"1"
"2080788";"1"
"2084473";"1"
"2088576";"1"
"2091585";"1"
"2091658";"1"
"2751852";"1"
"2751860";"1"
"2751925";"1"
"2751933";"1"
"2751976";"1"
"3001466";"1"
"3212130";"1"
"5420938";"1"
"5437156";"1"
"5451612";"2"
"5718368";"1"
"6123740";"2"
"6135749";"1"
"6136028";"1"
"6391869";"1"
"6998178";"1"
"6998194";"1"
"7019076";"1"
"7378394";"1"
"7711980";"1"
"7979649";"1"
"7992890";"1"
"9465464";"1"
"2082721";"1"
"9773657";"1"
"2081695";"1"
"9491112";"1"
"2083981";"1"
"4233646";"1"
"2079828";"1"
"2785188";"1"
"6024688";"2"
"2749319";"1"
"3126838";"1"
"3949621";"1"
"4099206";"2"
"2423464";"1"
"3663051";"2"
